part,year,window,edge,se,trades,t
entry,2007,year,0.8452605283857116,0.4156636654430072,64,2.0335203643187034
entry,2007,3y,0.8452605283857116,0.4156636654430072,64,2.0335203643187034
entry,2008,year,1.2094359021400742,1.2885536877843486,40,0.9385995427320406
entry,2008,3y,0.9853279798296973,0.5603406456840597,104,1.758444595120913
entry,2009,year,-0.04166431010274454,0.5088114778867223,55,-0.08188555469658713
entry,2009,3y,0.6300790745071545,0.4380819111481954,159,1.438267726817896
entry,2010,year,0.37801366036554496,0.21580325049020346,150,1.7516587887665072
entry,2010,3y,0.41954264524401536,0.2886143915611227,245,1.453644230887789
entry,2011,year,0.9605215863210146,0.3065828788314053,212,3.1329916073011383
entry,2011,3y,0.6188035690629157,0.22091240651403868,417,2.801126377769062
entry,2012,year,-0.11518164963284844,0.1746007121152509,220,-0.6596860244007425
entry,2012,3y,0.4037674612296567,0.2029395653553992,582,1.9895945895151415
entry,2013,year,0.561245893920607,0.255946647353394,191,2.192823776846259
entry,2013,3y,0.45824812057731035,0.19843894792801747,623,2.309265017588871
entry,2014,year,0.4297004930599025,0.23359938608164846,273,1.8394761230652896
entry,2014,3y,0.29117870968561793,0.14572330453265936,684,1.9981615886315511
entry,2015,year,0.4839436441791799,0.15477382441438087,177,3.1267796477232626
entry,2015,3y,0.483875546589554,0.1328074025117973,641,3.643438072260854
entry,2016,year,0.4097542976103187,0.19610004496063502,193,2.0895165918629566
entry,2016,3y,0.4386451618411505,0.12296869205015529,643,3.567128791304376
entry,2017,year,0.22438261186165007,0.19522043521503796,209,1.149380758292489
entry,2017,3y,0.36552084686976033,0.10769728174210723,579,3.393965390371128
entry,2018,year,0.28790074285519857,0.24927451775861262,352,1.1549545675342154
entry,2018,3y,0.3014848896590269,0.1377274566180176,754,2.1889962761396586
entry,2019,year,0.04928032172604153,0.23034933104118102,167,0.21393733380207372
entry,2019,3y,0.21492697952247763,0.14641897515632718,728,1.4678902054396057
entry,2020,year,0.09954697197749683,0.296740955332514,210,0.33546758608345506
entry,2020,3y,0.1789790662943116,0.1648960381651442,729,1.0854054972203953
entry,2021,year,0.27170783842823293,0.2686074946519016,324,1.0115422832127197
entry,2021,3y,0.16714410484204098,0.16826838525351603,701,0.993318528553173
entry,2022,year,-0.550454937247895,0.5840456435012994,143,-0.9424861624649209
entry,2022,3y,0.04464275884722721,0.21809682697211322,677,0.2046923812098166
entry,2023,year,-0.37084389524063394,0.4323215588854953,197,-0.8577964425291492
entry,2023,3y,-0.09599090924413613,0.24521678819342152,664,-0.39145325224805017
entry,2024,year,0.15663516860522878,0.2762067476292428,300,0.5670939249300416
entry,2024,3y,-0.16371992626138318,0.2333679546942152,640,-0.7015527323616789
entry,2025,year,-0.028702449695518488,0.5566500045894558,194,-0.05156283025037844
entry,2025,3y,-0.04577998845407646,0.23321374067634587,691,-0.19630056239957983
entry,2026,year,0.37365959227046613,0.6393780665468805,125,0.5844110266223351
entry,2026,3y,0.14237435278585836,0.2540976079617568,619,0.5603136287976649
entry,2026,all,0.24398985930689446,0.08257429759810432,3796,2.9547918226857046
trend,2007,year,-6.669040503340503,8.866815827222629,622,-0.752134772311997
trend,2007,3y,-6.669040503340503,8.866815827222629,622,-0.752134772311997
trend,2008,year,-3.764636777037596,7.578298325085371,2210,-0.4967654499132147
trend,2008,3y,-6.16085160432071,5.8910462822113425,2832,-1.0457992195586843
trend,2009,year,5.514349842995114,12.194139150918446,573,0.45221313081209025
trend,2009,3y,-2.3935876950362465,5.4595813750744355,3405,-0.4384196389056684
trend,2010,year,1.2760047991143275,3.2830941232534196,734,0.3886592193859663
trend,2010,3y,3.8300562410710484,4.589111789409704,3517,0.8345964136044085
trend,2011,year,1.1059846531681023,13.26111679953002,1302,0.0834005664747104
trend,2011,3y,2.5128963818243624,7.235305918486588,2609,0.3473103155740491
trend,2012,year,-4.7219517526246015,9.21654763955187,870,-0.5123341122179882
trend,2012,3y,-1.3650502877608444,6.872095124587335,2906,-0.19863669856328056
trend,2013,year,9.0758698080286,9.141983207531963,555,0.9927681556613566
trend,2013,3y,3.006437909175753,7.94307220409901,2727,0.37849812162405944
trend,2014,year,6.95083421711679,12.804518663407242,1056,0.5428422887133498
trend,2014,3y,4.954437489438848,7.281491434564202,2481,0.680415205313686
trend,2015,year,7.330255523948316,7.593757946265602,1324,0.9653001288450511
trend,2015,3y,8.670058608110853,6.362716077610164,2935,1.3626348405864004
trend,2016,year,2.704151836348529,7.721568548306805,1374,0.35020758016083386
trend,2016,3y,5.145304870768849,5.689261781782391,3754,0.9043888413158719
trend,2017,year,6.027097506248133,5.414363292059943,772,1.1131682861190257
trend,2017,3y,4.831395306281749,4.266598645868624,3470,1.1323763276773224
trend,2018,year,7.102184390411816,6.697479721079208,1909,1.0604264120515166
trend,2018,3y,5.529860295611706,4.08839105820971,4055,1.352576164285324
trend,2019,year,3.489663257977434,11.066000895300517,893,0.3153499887623736
trend,2019,3y,6.242991645967453,4.711888555089521,3574,1.324944674089144
trend,2020,year,23.28789958317451,13.725163681211294,1643,1.6967301901873766
trend,2020,3y,12.464822197307582,6.961667486316084,4445,1.7904937605550033
trend,2021,year,1.5568346164459193,9.84427350239317,890,0.15814621729754344
trend,2021,3y,14.84325200064002,9.498574726863621,3426,1.562682026247656
trend,2022,year,-11.754369873524428,9.991955822018546,1907,-1.1763832910091714
trend,2022,3y,10.137053232771825,7.983570005135171,4440,1.2697393805342092
trend,2023,year,-1.1481577926860522,7.69584056727198,1529,-0.1491919930837459
trend,2023,3y,1.4617956211839769,6.0206648623837085,4326,0.24279637790787462
trend,2024,year,14.565256905166061,7.287511888288005,1106,1.9986597796944048
trend,2024,3y,3.8887793562935125,4.958260702208461,4542,0.7843031235855367
trend,2025,year,-11.225971483136174,13.228350053752106,1522,-0.8486297563581654
trend,2025,3y,1.973754505371525,5.638944481255229,4157,0.3500219787466621
trend,2026,year,3.4194090151155416,12.286680349157455,1010,0.27830210585319115
trend,2026,3y,2.7020341013641715,6.163840484524792,3638,0.4383685963561219
trend,2026,all,5.217802334299591,2.575176298236504,23801,2.0261922796791714
leverage,2007,year,-11.827357713666997,5.395362336411472,64,-2.1921340915045073
leverage,2007,3y,-11.827357713666997,5.395362336411472,64,-2.1921340915045073
leverage,2008,year,23.38465122025059,23.90092102302027,40,0.978399585427171
leverage,2008,3y,1.7157226455320764,11.88186469383415,104,0.14439843322087445
leverage,2009,year,-24.901272218551718,13.158714272333432,55,-1.8923788223677251
leverage,2009,3y,-7.491413942673009,9.491600744878777,159,-0.7892677056306887
leverage,2010,year,-10.061630845918007,6.478422446095259,150,-1.553098910982944
leverage,2010,3y,-7.932361428971515,7.3562588981736665,245,-1.0783146078424288
leverage,2011,year,16.643421889362365,16.31222722964423,212,1.0203034604076784
leverage,2011,3y,1.557771802486273,10.520077265866487,417,0.14807607996764718
leverage,2012,year,-19.07566268177266,8.306746057269965,220,-2.296406143904913
leverage,2012,3y,-3.7413831208468453,9.303647934985468,582,-0.4021415198631642
leverage,2013,year,19.978474826417596,5.4541748774142365,191,3.6629692438261476
leverage,2013,3y,5.0524050439816985,8.85594420136558,623,0.5705100358697632
leverage,2014,year,6.598929672900885,6.296663291717652,273,1.048004215435947
leverage,2014,3y,2.0771209101721047,5.89181592136654,684,0.35254341579808557
leverage,2015,year,0.25722197441603467,12.45266688107609,177,0.020655974890561514
leverage,2015,3y,8.834516040591796,4.8971484571832224,641,1.804012297734853
leverage,2016,year,2.0747605612087536,5.640711442625238,193,0.36781895020021466
leverage,2016,3y,3.4952797488131715,4.720602173022241,643,0.7404309070542605
leverage,2017,year,6.652731070166083,3.1519332355557053,209,2.110682737540018
leverage,2017,3y,3.171637083678134,4.480427094814601,579,0.707887220695726
leverage,2018,year,-15.299946817472824,4.561940991868225,352,-3.353823919411796
leverage,2018,3y,-4.767548670785722,3.811508951664968,754,-1.2508297189497954
leverage,2019,year,7.101739258064675,5.171825667170047,167,1.3731590573799541
leverage,2019,3y,-3.8587500411935753,4.046098207862733,728,-0.9536965844513892
leverage,2020,year,11.764898859241045,11.150663924238701,210,1.0550850549505983
leverage,2020,3y,-2.3716900729945327,6.491035326460394,729,-0.36537931989469413
leverage,2021,year,0.3208324767290713,8.681635082149203,324,0.03695530550330927
leverage,2021,3y,5.3645776590551195,5.816090223479295,701,0.9223683699744823
leverage,2022,year,-4.10137512090464,14.202821928805804,143,-0.28877184699375374
leverage,2022,3y,2.9366053775649563,6.827378439395633,677,0.43012195729769853
leverage,2023,year,-6.597993254036781,3.549287214207756,197,-1.8589629003888695
leverage,2023,3y,-2.684264444087938,5.46044858966663,664,-0.4915831364418756
leverage,2024,year,8.697392325174832,4.43829686982079,300,1.9596238332579172
leverage,2024,3y,1.129556850340376,4.106859271346767,640,0.2750415282601001
leverage,2025,year,-1.1329111490044417,7.209127431265857,194,-0.1571495523981205
leverage,2025,3y,1.576886054414388,3.223689874603914,691,0.48915563089273145
leverage,2026,year,5.993568871263432,8.604025832862783,125,0.6966005202321918
leverage,2026,3y,5.070483107517799,3.659539089336262,619,1.3855523834389327
leverage,2026,all,0.9779952476937785,2.400429816797358,3796,0.40742505398412987
exit,2007,year,0.4234023261576594,1.1851576310553864,64,0.35725401842168314
exit,2007,3y,0.4234023261576594,1.1851576310553864,64,0.35725401842168314
exit,2008,year,0.5705370327523153,0.475653457993562,40,1.1994804687408318
exit,2008,3y,0.4824172066813393,0.7361997473205201,104,0.6552803209144662
exit,2009,year,0.2135555749875123,0.4613315708651806,55,0.46291125185083354
exit,2009,3y,0.35188891751633344,0.5020359663497344,159,0.7009237208140509
exit,2010,year,1.55284658809598,0.6239973794821612,150,2.488546649642417
exit,2010,3y,1.0489805409951274,0.42913883087333976,245,2.4443850463504986
exit,2011,year,0.49383023783071306,0.6115736135913856,212,0.8074747288895607
exit,2011,3y,0.8287195732919441,0.438781010319801,417,1.8886860502188563
exit,2012,year,-0.27220757232798404,0.34015770642682597,220,-0.8002393218938898
exit,2012,3y,0.4658362802422777,0.3685271710617946,582,1.2640486694647715
exit,2013,year,1.4341167208737717,0.7896489230844767,191,1.816144718176675
exit,2013,3y,0.5052407251094873,0.3785155922568332,623,1.33479501358736
exit,2014,year,0.17511078977364392,0.4053257441112638,273,0.4320248400643784
exit,2014,3y,0.37817982126744676,0.321260768375813,684,1.1771739922661502
exit,2015,year,0.8321361646905063,0.5473089311479721,177,1.5204140063000864
exit,2015,3y,0.7215433039638612,0.3327187831228877,641,2.1686281044655162
exit,2016,year,0.0656903700035967,0.42746015780348756,193,0.15367600653391408
exit,2016,3y,0.2978244994791456,0.26106523978468177,643,1.140804879748762
exit,2017,year,0.9362583360169494,0.4514482752715455,209,2.0738994637952515
exit,2017,3y,0.5779383166507196,0.26675730680144283,579,2.1665322820225508
exit,2018,year,0.19035513005568744,0.4153743516753179,352,0.4582736735860877
exit,2018,3y,0.3952598471005025,0.2613221807021472,754,1.512538453637873
exit,2019,year,1.1619378944495558,1.2948279438720824,167,0.8973685654133094
exit,2019,3y,0.6671389649121106,0.41442026774292634,728,1.6098125908406367
exit,2020,year,0.9211855770945317,0.46855423254055056,210,1.9660169797202902
exit,2020,3y,0.6448445140591896,0.43982186703674975,729,1.4661492808526253
exit,2021,year,0.020994660806387955,0.4833273500307927,324,0.04343776698142654
exit,2021,3y,0.5895090313906399,0.4740237427904083,701,1.243627645991762
exit,2022,year,-0.2865320025306036,0.3210031688448803,143,-0.8926142491417762
exit,2022,3y,0.19058158351760307,0.360105614824136,677,0.529238022602555
exit,2023,year,1.1701002809057788,0.4435309183195704,197,2.638148170907681
exit,2023,3y,0.2450733576751506,0.29947747447412754,664,0.8183365313384295
exit,2024,year,1.1367358106068166,0.6264157627171996,300,1.814666677089997
exit,2024,3y,0.830027951263424,0.34575471120694623,640,2.4006265839907046
exit,2025,year,0.33563176792476496,1.1801539563183994,194,0.2843965959931191
exit,2025,3y,0.9292730443503708,0.4489519314243673,691,2.069872027061144
exit,2026,year,-0.25414389923208713,0.9992137525353835,125,-0.2543438764600946
exit,2026,3y,0.6112925996688914,0.5215450577944866,619,1.172080131012898
exit,2026,all,0.526387102258075,0.15824601647418643,3796,3.32638453710423
cap,2007,year,-0.004503967137921977,0.48431700248139475,64,-0.009299626308483768
cap,2007,3y,-0.004503967137921977,0.48431700248139475,64,-0.009299626308483768
cap,2008,year,-0.0814400484029836,0.6221388842758421,40,-0.13090332474199598
cap,2008,3y,-0.09808220924123756,0.39801831050796344,104,-0.2464263744953391
cap,2009,year,-0.9051227912176998,0.7250204649878009,55,-1.2484099896861935
cap,2009,3y,-0.3641502606546905,0.3929249210695261,159,-0.9267680442958108
cap,2010,year,0.39217840268307436,0.5187838530194783,150,0.7559572265028642
cap,2010,3y,0.04713199851687361,0.39776130787000225,245,0.11849317061346111
cap,2011,year,-0.9444624259267252,0.6472803180977673,212,-1.4591242766384727
cap,2011,3y,-0.46500906188021784,0.4617396485137025,417,-1.0070806424725258
cap,2012,year,-0.2102578903670471,0.6819280492561023,220,-0.30832855547797455
cap,2012,3y,-0.36526132669840755,0.41341459990971796,582,-0.883523046303091
cap,2013,year,-0.557105630612166,1.094327652297796,191,-0.509084851728267
cap,2013,3y,-0.6889803493500688,0.4817582905087598,623,-1.4301369855461596
cap,2014,year,0.18334645530253615,0.9291654439932694,273,0.1973237989938251
cap,2014,3y,-0.2579494374723317,0.5404313897771916,684,-0.47730284056719713
cap,2015,year,-0.012608547982347756,1.1637606806067982,177,-0.010834313439575494
cap,2015,3y,-0.13872341749269004,0.6083621728059281,641,-0.2280276843197873
cap,2016,year,-0.896956436569624,0.862386532773668,193,-1.0400863214836737
cap,2016,3y,-0.205286926802193,0.5783190682685776,643,-0.354971741493496
cap,2017,year,0.18262907217651003,0.5689167816200882,209,0.321011926659014
cap,2017,3y,-0.21731957922175166,0.5031310551615615,579,-0.43193433796681
cap,2018,year,0.05433429925755743,0.5518496159746465,352,0.09845852508494578
cap,2018,3y,-0.2087941920307092,0.39893561321242504,754,-0.5233781721050073
cap,2019,year,0.45077856434143293,0.5980636398449081,167,0.7537300954432381
cap,2019,3y,0.17255948169193555,0.3394572451788893,728,0.5083393686324151
cap,2020,year,1.8393076685049488,0.8149211643424084,210,2.2570375503612765
cap,2020,3y,0.6499554033016257,0.4696546254715519,729,1.3839007816627904
cap,2021,year,0.23437666426775194,0.7107638640240722,324,0.3297532079653026
cap,2021,3y,0.7043259090670307,0.5102361344297168,701,1.3803920607352616
cap,2022,year,-1.532063559492158,0.9057831462825383,143,-1.6914242286136176
cap,2022,3y,0.2814016186763385,0.6136105388079061,677,0.458599715746461
cap,2023,year,-0.5807723467642668,0.7839108952446756,197,-0.7408652568644235
cap,2023,3y,-0.3976979721094793,0.4997953698043308,664,-0.7957216015530066
cap,2024,year,1.284298311363761,0.6711916311537457,300,1.913459959499368
cap,2024,3y,0.04435363981010222,0.5431255315190225,640,0.08166369878811114
cap,2025,year,0.03838510034891573,0.9451542006409016,194,0.04061252684788058
cap,2025,3y,0.37227152075084996,0.503661851119583,691,0.7391298743856275
cap,2026,year,0.75450237221497,0.8673700611566653,125,0.8698736629309263
cap,2026,3y,0.7639816709771673,0.5103391348157998,619,1.4970078108019609
cap,2026,all,0.025470517000179826,0.21167298862850015,3796,0.12032955723454275
day_shape,2007,year,18.45740654780937,13.414932758351597,64,1.3758851334024416
day_shape,2007,3y,18.45740654780937,13.414932758351597,64,1.3758851334024416
day_shape,2008,year,11.138519803055633,9.808710326316378,40,1.135574344893378
day_shape,2008,3y,15.133452326108612,9.302644245457014,104,1.6267903970958686
day_shape,2009,year,-3.4617498055201437,13.453392888224613,55,-0.25731425776988337
day_shape,2009,3y,9.444392072664497,8.378698685959481,159,1.1271907997468438
day_shape,2010,year,7.070745414429858,6.370901854474105,149,1.1098499986252768
day_shape,2010,3y,5.340506204800315,5.536104760250667,244,0.9646685595881868
day_shape,2011,year,4.651143016227293,13.994822608060689,208,0.33234740778695854
day_shape,2011,3y,4.239467746433742,7.466355608483023,412,0.5678095136021918
day_shape,2012,year,14.026625958793682,13.408472079493873,217,1.046101738933042
day_shape,2012,3y,6.638750528601159,7.635895065986052,574,0.8694135358372519
day_shape,2013,year,-9.22695447438309,17.39088177693306,188,-0.5305627737991727
day_shape,2013,3y,3.361628130154236,9.660868660765898,613,0.3479633403781034
day_shape,2014,year,-15.63399953256554,13.616495168474282,270,-1.148166201296961
day_shape,2014,3y,-5.482730104127982,9.317833835722364,675,-0.5884125217074053
day_shape,2015,year,8.48923519981864,9.71875401715679,171,0.8734900775173807
day_shape,2015,3y,-5.575018409390703,7.897185806758597,629,-0.7059500112836994
day_shape,2016,year,8.577971849296429,11.62898032266174,192,0.7376374893833365
day_shape,2016,3y,-1.76568128213309,7.201997124109881,633,-0.24516550780368668
day_shape,2017,year,2.0407727937161573,8.88757808930842,207,0.22962080031354848
day_shape,2017,3y,5.554680322835662,5.881410282695552,570,0.9444470043483951
day_shape,2018,year,31.362522216649435,9.845194620356096,351,3.1855665048818573
day_shape,2018,3y,12.773389887454861,6.4517535948177205,750,1.9798322579639287
day_shape,2019,year,15.143784418725915,13.628185689343864,167,1.1112106016112715
day_shape,2019,3y,13.669435597626645,7.159888447156909,725,1.9091687948091685
day_shape,2020,year,-9.402327436077023,8.995078760619952,207,-1.0452746091829666
day_shape,2020,3y,10.23420270173207,7.942123524645495,725,1.28859777488652
day_shape,2021,year,-9.903553583384408,17.468885162224755,324,-0.5669253356132967
day_shape,2021,3y,-3.2213680003282312,9.185538799600849,698,-0.35069995028143736
day_shape,2022,year,2.1372512368411254,15.372664846314176,143,0.13902932628844522
day_shape,2022,3y,-6.132290492696273,10.098404380198975,674,-0.6072534097288195
day_shape,2023,year,-6.84194208621241,9.672039895849863,196,-0.7073939065479032
day_shape,2023,3y,-5.445814426692499,10.568626859160297,663,-0.5152811712689402
day_shape,2024,year,5.034600589698621,8.451938244350087,300,0.5956740861262358
day_shape,2024,3y,0.8511926492467813,6.816215324173659,639,0.124877605645472
day_shape,2025,year,19.145967892261492,17.208549481800407,194,1.1125846436104379
day_shape,2025,3y,5.373258132217982,7.42230793985466,690,0.7239336033696278
day_shape,2026,year,21.687146634851366,18.042492133303504,125,1.202003940177445
day_shape,2026,3y,12.165836560571169,8.327566611135985,619,1.4609113476561666
day_shape,2026,all,3.966730941295017,3.4294659228637654,3768,1.1566614249902243
